Type,SP101724,SP79365
A[C>A]A,52,1
A[C>A]C,45,2
A[C>A]G,10,0
A[C>A]T,33,2
A[C>G]A,15,0
A[C>G]C,14,0
A[C>G]G,8,0
A[C>G]T,12,0
A[C>T]A,48,2
A[C>T]C,21,3
A[C>T]G,88,6
A[C>T]T,35,0
A[T>A]A,15,0
A[T>A]C,24,1
A[T>A]G,20,0
A[T>A]T,30,0
A[T>C]A,47,6
A[T>C]C,23,0
A[T>C]G,20,1
A[T>C]T,46,4
A[T>G]A,8,1
A[T>G]C,3,0
A[T>G]G,8,1
A[T>G]T,11,0
C[C>A]A,29,4
C[C>A]C,26,3
C[C>A]G,5,2
C[C>A]T,28,0
C[C>G]A,12,0
C[C>G]C,9,0
C[C>G]G,4,0
C[C>G]T,9,1
C[C>T]A,48,0
C[C>T]C,26,0
C[C>T]G,72,4
C[C>T]T,46,2
C[T>A]A,7,0
C[T>A]C,15,1
C[T>A]G,12,0
C[T>A]T,22,0
C[T>C]A,10,0
C[T>C]C,21,1
C[T>C]G,14,1
C[T>C]T,16,0
C[T>G]A,5,0
C[T>G]C,8,0
C[T>G]G,6,0
C[T>G]T,15,0
G[C>A]A,47,3
G[C>A]C,19,1
G[C>A]G,4,0
G[C>A]T,22,3
G[C>G]A,7,0
G[C>G]C,10,0
G[C>G]G,2,0
G[C>G]T,12,0
G[C>T]A,31,1
G[C>T]C,24,2
G[C>T]G,70,7
G[C>T]T,24,1
G[T>A]A,8,1
G[T>A]C,9,0
G[T>A]G,10,2
G[T>A]T,17,1
G[T>C]A,13,2
G[T>C]C,7,0
G[T>C]G,13,0
G[T>C]T,28,1
G[T>G]A,8,1
G[T>G]C,1,0
G[T>G]G,16,0
G[T>G]T,7,0
T[C>A]A,48,2
T[C>A]C,37,1
T[C>A]G,5,0
T[C>A]T,43,2
T[C>G]A,15,1
T[C>G]C,18,1
T[C>G]G,3,0
T[C>G]T,35,0
T[C>T]A,72,1
T[C>T]C,54,1
T[C>T]G,55,2
T[C>T]T,67,1
T[T>A]A,17,2
T[T>A]C,13,0
T[T>A]G,14,0
T[T>A]T,24,2
T[T>C]A,25,3
T[T>C]C,13,2
T[T>C]G,18,0
T[T>C]T,24,4
T[T>G]A,7,2
T[T>G]C,9,0
T[T>G]G,12,0
T[T>G]T,15,2
