substitution,"DO50348_Single-base Substitution"
A[C>A]A,566
A[C>A]C,239
A[C>A]G,42
A[C>A]T,275
C[C>A]A,392
C[C>A]C,142
C[C>A]G,46
C[C>A]T,390
G[C>A]A,765
G[C>A]C,186
G[C>A]G,71
G[C>A]T,525
T[C>A]A,767
T[C>A]C,414
T[C>A]G,83
T[C>A]T,1400
A[C>G]A,92
A[C>G]C,46
A[C>G]G,10
A[C>G]T,70
C[C>G]A,31
C[C>G]C,27
C[C>G]G,12
C[C>G]T,53
G[C>G]A,33
G[C>G]C,43
G[C>G]G,5
G[C>G]T,54
T[C>G]A,109
T[C>G]C,59
T[C>G]G,9
T[C>G]T,182
A[C>T]A,260
A[C>T]C,147
A[C>T]G,777
A[C>T]T,205
C[C>T]A,223
C[C>T]C,179
C[C>T]G,568
C[C>T]T,259
G[C>T]A,194
G[C>T]C,171
G[C>T]G,766
G[C>T]T,210
T[C>T]A,403
T[C>T]C,288
T[C>T]G,401
T[C>T]T,352
A[T>A]A,118
A[T>A]C,112
A[T>A]G,85
A[T>A]T,407
C[T>A]A,77
C[T>A]C,172
C[T>A]G,92
C[T>A]T,499
G[T>A]A,42
G[T>A]C,67
G[T>A]G,48
G[T>A]T,140
T[T>A]A,267
T[T>A]C,79
T[T>A]G,60
T[T>A]T,301
A[T>C]A,250
A[T>C]C,116
A[T>C]G,160
A[T>C]T,216
C[T>C]A,161
C[T>C]C,496
C[T>C]G,359
C[T>C]T,1775
G[T>C]A,157
G[T>C]C,163
G[T>C]G,134
G[T>C]T,283
T[T>C]A,216
T[T>C]C,226
T[T>C]G,134
T[T>C]T,397
A[T>G]A,64
A[T>G]C,51
A[T>G]G,47
A[T>G]T,661
C[T>G]A,63
C[T>G]C,148
C[T>G]G,140
C[T>G]T,3249
G[T>G]A,22
G[T>G]C,60
G[T>G]G,45
G[T>G]T,850
T[T>G]A,96
T[T>G]C,100
T[T>G]G,102
T[T>G]T,1185